Name,NumRevision,NumAdded,NumDeleted,NumAuthor
neovim-0.2.0/test/unit/fixtures/rbuffer.c,2,26,0,2
neovim-0.2.0/test/unit/fixtures/multiqueue.c,2,15,0,2
neovim-0.2.0/test/functional/fixtures/shell-test.c,4,86,14,3
neovim-0.2.0/test/functional/fixtures/tty-test.c,4,154,5,4
neovim-0.2.0/test/functional/fixtures/printargs-test.c,2,10,0,2
neovim-0.2.0/src/coverity-model.c,3,97,36,2
neovim-0.2.0/src/nvim/ex_getln.c,161,8221,3278,36
neovim-0.2.0/src/nvim/normal.c,184,10093,2864,39
neovim-0.2.0/src/nvim/log.c,14,223,62,8
neovim-0.2.0/src/nvim/diff.c,59,2612,340,24
neovim-0.2.0/src/nvim/eval.c,814,37820,17611,79
neovim-0.2.0/src/nvim/if_cscope.c,69,2353,505,26
neovim-0.2.0/src/nvim/option.c,297,10512,4019,57
neovim-0.2.0/src/nvim/buffer.c,182,6762,1858,50
neovim-0.2.0/src/nvim/mouse.c,14,618,18,7
neovim-0.2.0/src/nvim/strings.c,62,1779,435,21
neovim-0.2.0/src/nvim/memfile.c,42,1787,851,17
neovim-0.2.0/src/nvim/memory.c,64,916,293,24
neovim-0.2.0/src/nvim/fileio.c,198,9521,2509,47
neovim-0.2.0/src/nvim/undo.c,86,3507,833,30
neovim-0.2.0/src/nvim/fold.c,50,3240,359,21
neovim-0.2.0/src/nvim/terminal.c,75,1566,479,22
neovim-0.2.0/src/nvim/menu.c,46,1650,344,18
neovim-0.2.0/src/nvim/mbyte.c,77,4469,2243,24
neovim-0.2.0/src/nvim/hashtab.c,22,617,214,8
neovim-0.2.0/src/nvim/ex_docmd.c,268,11279,2312,52
neovim-0.2.0/src/nvim/state.c,6,138,5,3
neovim-0.2.0/src/nvim/spellfile.c,16,5222,93,2
neovim-0.2.0/src/nvim/move.c,36,2378,344,21
neovim-0.2.0/src/nvim/ui_bridge.c,24,764,386,7
neovim-0.2.0/src/nvim/ex_cmds.c,215,9045,3354,49
neovim-0.2.0/src/nvim/screen.c,181,9120,2284,49
neovim-0.2.0/src/nvim/os_unix.c,89,1977,1390,24
neovim-0.2.0/src/nvim/ops.c,178,8332,3059,40
neovim-0.2.0/src/nvim/rbuffer.c,8,198,8,5
neovim-0.2.0/src/nvim/digraph.c,32,1882,99,16
neovim-0.2.0/src/nvim/file_search.c,58,1747,318,24
neovim-0.2.0/src/nvim/popupmnu.c,25,782,125,15
neovim-0.2.0/src/nvim/cursor_shape.c,21,391,111,9
neovim-0.2.0/src/nvim/keymap.c,32,1088,253,16
neovim-0.2.0/src/nvim/quickfix.c,120,5992,1879,35
neovim-0.2.0/src/nvim/regexp.c,67,7468,798,22
neovim-0.2.0/src/nvim/hardcopy.c,59,3205,470,22
neovim-0.2.0/src/nvim/search.c,90,5167,798,29
neovim-0.2.0/src/nvim/shada.c,143,9525,5809,9
neovim-0.2.0/src/nvim/arabic.c,11,1379,155,9
neovim-0.2.0/src/nvim/indent_c.c,42,3934,698,16
neovim-0.2.0/src/nvim/edit.c,168,10734,2975,40
neovim-0.2.0/src/nvim/getchar.c,97,4707,825,30
neovim-0.2.0/src/nvim/main.c,172,3084,1384,35
neovim-0.2.0/src/nvim/regexp_nfa.c,58,6814,812,24
neovim-0.2.0/src/nvim/spell.c,103,14131,7335,35
neovim-0.2.0/src/nvim/garray.c,22,245,57,12
neovim-0.2.0/src/nvim/path.c,116,2926,910,35
neovim-0.2.0/src/nvim/map.c,24,365,225,6
neovim-0.2.0/src/nvim/mark.c,65,2046,722,18
neovim-0.2.0/src/nvim/memline.c,94,4499,803,34
neovim-0.2.0/src/nvim/tag.c,82,3219,598,26
neovim-0.2.0/src/nvim/ex_eval.c,34,2085,205,14
neovim-0.2.0/src/nvim/ui.c,97,2004,1508,21
neovim-0.2.0/src/nvim/profile.c,6,317,76,3
neovim-0.2.0/src/nvim/version.c,1302,4957,2196,89
neovim-0.2.0/src/nvim/syntax.c,133,9786,2212,35
neovim-0.2.0/src/nvim/charset.c,67,2419,777,25
neovim-0.2.0/src/nvim/sha256.c,13,437,134,10
neovim-0.2.0/src/nvim/ex_cmds2.c,155,5772,2371,37
neovim-0.2.0/src/nvim/misc1.c,103,3781,1249,35
neovim-0.2.0/src/nvim/cursor.c,17,552,115,9
neovim-0.2.0/src/nvim/ugrid.c,2,119,0,2
neovim-0.2.0/src/nvim/indent.c,23,710,57,12
neovim-0.2.0/src/nvim/farsi.c,20,3482,1630,12
neovim-0.2.0/src/nvim/message.c,111,4692,1986,31
neovim-0.2.0/src/nvim/window.c,156,6270,926,45
neovim-0.2.0/src/nvim/tui/tui.c,96,1654,657,25
neovim-0.2.0/src/nvim/tui/input.c,23,460,103,8
neovim-0.2.0/src/nvim/testdir/samples/memfile_test.c,2,120,0,2
neovim-0.2.0/src/nvim/api/buffer.c,78,1284,541,21
neovim-0.2.0/src/nvim/api/vim.c,96,1341,589,24
neovim-0.2.0/src/nvim/api/tabpage.c,29,286,117,10
neovim-0.2.0/src/nvim/api/ui.c,20,519,126,7
neovim-0.2.0/src/nvim/api/window.c,40,526,197,12
neovim-0.2.0/src/nvim/api/private/dispatch.c,2,39,0,2
neovim-0.2.0/src/nvim/api/private/handle.c,10,67,33,5
neovim-0.2.0/src/nvim/api/private/helpers.c,77,1459,608,21
neovim-0.2.0/src/nvim/msgpack_rpc/server.c,20,445,250,8
neovim-0.2.0/src/nvim/msgpack_rpc/helpers.c,31,882,315,11
neovim-0.2.0/src/nvim/msgpack_rpc/channel.c,86,1460,691,12
neovim-0.2.0/src/nvim/os/fileio.c,10,365,41,2
neovim-0.2.0/src/nvim/os/stdpaths.c,21,237,102,4
neovim-0.2.0/src/nvim/os/mem.c,5,14,3,4
neovim-0.2.0/src/nvim/os/fs.c,91,1631,539,25
neovim-0.2.0/src/nvim/os/shell.c,65,1332,696,16
neovim-0.2.0/src/nvim/os/input.c,75,800,414,13
neovim-0.2.0/src/nvim/os/env.c,53,1212,341,18
neovim-0.2.0/src/nvim/os/time.c,21,196,79,10
neovim-0.2.0/src/nvim/os/signal.c,25,319,168,9
neovim-0.2.0/src/nvim/os/users.c,13,99,21,9
neovim-0.2.0/src/nvim/os/pty_process_unix.c,6,257,18,5
neovim-0.2.0/src/nvim/os/dl.c,5,79,2,5
neovim-0.2.0/src/nvim/eval/executor.c,5,119,8,1
neovim-0.2.0/src/nvim/eval/decode.c,43,1790,708,2
neovim-0.2.0/src/nvim/eval/encode.c,50,1813,907,4
neovim-0.2.0/src/nvim/eval/typval.c,47,2558,197,2
neovim-0.2.0/src/nvim/eval/gc.c,2,11,0,1
neovim-0.2.0/src/nvim/event/process.c,24,487,122,7
neovim-0.2.0/src/nvim/event/loop.c,12,201,94,3
neovim-0.2.0/src/nvim/event/wstream.c,4,146,9,3
neovim-0.2.0/src/nvim/event/socket.c,7,147,5,5
neovim-0.2.0/src/nvim/event/time.c,5,60,2,4
neovim-0.2.0/src/nvim/event/multiqueue.c,7,302,80,2
neovim-0.2.0/src/nvim/event/rstream.c,11,211,30,5
neovim-0.2.0/src/nvim/event/signal.c,3,52,1,2
neovim-0.2.0/src/nvim/event/libuv_process.c,9,102,23,7
neovim-0.2.0/src/nvim/event/stream.c,8,109,10,5
