,Name,File,AltAvgLineBlank,AltAvgLineCode,AltAvgLineComment,AltCountLineBlank,AltCountLineCode,AltCountLineComment,AvgCyclomatic,AvgCyclomaticModified,AvgCyclomaticStrict,AvgEssential,AvgLine,AvgLineBlank,AvgLineCode,AvgLineComment,CountDeclClass,CountDeclFunction,CountLine,CountLineBlank,CountLineCode,CountLineCodeDecl,CountLineCodeExe,CountLineComment,CountLineInactive,CountLinePreprocessor,CountSemicolon,CountStmt,CountStmtDecl,CountStmtEmpty,CountStmtExe,MaxCyclomatic,MaxCyclomaticModified,MaxCyclomaticStrict,MaxEssential,MaxNesting,RatioCommentToCode,SumCyclomatic,SumCyclomaticModified,SumCyclomaticStrict,SumEssential,NumRevision,NumAdded,NumDeleted,NumAuthor,Label
0,neovim-0.2.0/src/coverity-model.c,neovim-0.2.0/src/coverity-model.c,0.0,5.0,0.0,9.0,34.0,27.0,1.0,1.0,1.0,1.0,5.0,0.0,5.0,0.0,0.0,6.0,70,9,34,14.0,6.0,27,0.0,0.0,13.0,22,16,0.0,6,2.0,2.0,2.0,1.0,1,0.79,7.0,7.0,7.0,6.0,3,97,36,2,1
1,neovim-0.2.0/src/nvim/api/buffer.c,neovim-0.2.0/src/nvim/api/buffer.c,0.0,0.0,0.0,115.0,476.0,270.0,0.0,0.0,0.0,0.0,0.0,0.0,0.0,0.0,0.0,0.0,858,115,453,0.0,0.0,270,1.0,23.0,210.0,0,0,0.0,0,0.0,0.0,0.0,0.0,0,0.6,0.0,0.0,0.0,0.0,78,1284,541,21,1
2,neovim-0.2.0/src/nvim/api/private/dispatch.c,neovim-0.2.0/src/nvim/api/private/dispatch.c,1.0,8.0,0.0,9.0,37.0,2.0,2.0,2.0,2.0,1.0,9.0,1.0,8.0,0.0,0.0,2.0,48,9,17,7.0,39.0,2,1.0,20.0,6.0,8,5,0.0,3,2.0,2.0,2.0,1.0,1,0.12,3.0,3.0,3.0,2.0,2,39,0,2,0
3,neovim-0.2.0/src/nvim/api/private/handle.c,neovim-0.2.0/src/nvim/api/private/handle.c,1.0,5.0,0.0,6.0,29.0,3.0,1.0,1.0,1.0,1.0,6.0,1.0,5.0,0.0,0.0,10.0,37,6,22,2.0,1.0,3,0.0,7.0,7.0,25,13,0.0,12,1.0,1.0,1.0,1.0,0,0.14,10.0,10.0,10.0,10.0,10,67,33,5,0
4,neovim-0.2.0/src/nvim/api/private/helpers.c,neovim-0.2.0/src/nvim/api/private/helpers.c,3.0,20.0,1.0,151.0,767.0,85.0,4.0,3.0,4.0,2.0,23.0,3.0,20.0,1.0,0.0,33.0,1002,151,676,405.0,685.0,85,2.0,91.0,303.0,380,146,4.0,230,14.0,14.0,14.0,12.0,3,0.13,121.0,95.0,122.0,68.0,77,1459,608,21,1
5,neovim-0.2.0/src/nvim/api/tabpage.c,neovim-0.2.0/src/nvim/api/tabpage.c,0.0,0.0,0.0,31.0,110.0,59.0,0.0,0.0,0.0,0.0,0.0,0.0,0.0,0.0,0.0,0.0,200,31,101,0.0,0.0,59,0.0,9.0,37.0,0,0,0.0,0,0.0,0.0,0.0,0.0,0,0.58,0.0,0.0,0.0,0.0,29,286,117,10,1
6,neovim-0.2.0/src/nvim/api/ui.c,neovim-0.2.0/src/nvim/api/ui.c,0.0,0.0,0.0,66.0,383.0,10.0,0.0,0.0,0.0,0.0,0.0,0.0,0.0,0.0,0.0,0.0,459,66,362,4.0,1.0,10,1.0,21.0,190.0,5,5,0.0,0,0.0,0.0,0.0,0.0,0,0.03,0.0,0.0,0.0,0.0,20,519,126,7,0
7,neovim-0.2.0/src/nvim/api/vim.c,neovim-0.2.0/src/nvim/api/vim.c,0.0,0.0,0.0,105.0,535.0,218.0,0.0,0.0,0.0,0.0,0.0,0.0,0.0,0.0,0.0,0.0,856,105,501,0.0,0.0,218,1.0,34.0,221.0,0,0,0.0,0,0.0,0.0,0.0,0.0,0,0.44,0.0,0.0,0.0,0.0,96,1341,589,24,0
8,neovim-0.2.0/src/nvim/api/window.c,neovim-0.2.0/src/nvim/api/window.c,0.0,0.0,0.0,65.0,219.0,110.0,0.0,0.0,0.0,0.0,0.0,0.0,0.0,0.0,0.0,0.0,394,65,207,0.0,0.0,110,0.0,12.0,90.0,0,0,0.0,0,0.0,0.0,0.0,0.0,0,0.53,0.0,0.0,0.0,0.0,40,526,197,12,0
9,neovim-0.2.0/src/nvim/arabic.c,neovim-0.2.0/src/nvim/arabic.c,11.0,42.0,3.0,269.0,1137.0,119.0,16.0,2.0,18.0,1.0,54.0,11.0,42.0,3.0,0.0,22.0,1493,269,924,42.0,1422.0,119,1.0,213.0,469.0,851,42,0.0,809,40.0,12.0,40.0,3.0,2,0.13,361.0,49.0,387.0,24.0,11,1379,155,9,1
10,neovim-0.2.0/src/nvim/buffer.c,neovim-0.2.0/src/nvim/buffer.c,5.0,40.0,10.0,553.0,3710.0,1399.0,10.0,9.0,13.0,4.0,53.0,5.0,40.0,10.0,0.0,90.0,5457,551,3609,4643.0,5417.0,1392,35.0,74.0,1844.0,2936,666,26.0,2244,187.0,152.0,230.0,66.0,8,0.39,873.0,831.0,1146.0,392.0,182,6762,1858,50,0
11,neovim-0.2.0/src/nvim/charset.c,neovim-0.2.0/src/nvim/charset.c,2.0,19.0,2.0,186.0,1126.0,542.0,4.0,4.0,7.0,1.0,23.0,2.0,18.0,2.0,0.0,58.0,1828,185,1070,282.0,1346.0,542,11.0,47.0,447.0,746,205,10.0,531,38.0,38.0,56.0,19.0,7,0.51,258.0,258.0,381.0,111.0,67,2419,777,25,0
12,neovim-0.2.0/src/nvim/cursor.c,neovim-0.2.0/src/nvim/cursor.c,2.0,15.0,3.0,60.0,317.0,126.0,3.0,3.0,5.0,1.0,19.0,2.0,15.0,3.0,0.0,20.0,497,60,300,77.0,312.0,126,1.0,17.0,138.0,228,81,1.0,146,19.0,19.0,39.0,6.0,4,0.42,68.0,68.0,98.0,25.0,17,552,115,9,1
13,neovim-0.2.0/src/nvim/cursor_shape.c,neovim-0.2.0/src/nvim/cursor_shape.c,3.0,55.0,5.0,18.0,251.0,36.0,22.0,21.0,25.0,7.0,61.0,3.0,55.0,5.0,0.0,4.0,298,18,240,47.0,259.0,36,0.0,11.0,120.0,197,33,5.0,159,44.0,44.0,56.0,16.0,8,0.15,87.0,85.0,99.0,31.0,21,391,111,9,1
14,neovim-0.2.0/src/nvim/diff.c,neovim-0.2.0/src/nvim/diff.c,7.0,44.0,8.0,322.0,1772.0,525.0,10.0,10.0,12.0,5.0,59.0,7.0,43.0,7.0,0.0,39.0,2594,321,1686,1110.0,2104.0,519,37.0,57.0,844.0,1326,308,17.0,1001,51.0,51.0,57.0,24.0,7,0.31,401.0,401.0,484.0,208.0,59,2612,340,24,1
15,neovim-0.2.0/src/nvim/digraph.c,neovim-0.2.0/src/nvim/digraph.c,6.0,31.0,3.0,89.0,1701.0,145.0,6.0,6.0,8.0,3.0,40.0,6.0,31.0,3.0,0.0,10.0,1872,89,1676,1453.0,1860.0,145,1.0,25.0,187.0,285,91,3.0,191,13.0,13.0,19.0,9.0,4,0.09,61.0,61.0,82.0,34.0,32,1882,99,16,1
16,neovim-0.2.0/src/nvim/edit.c,neovim-0.2.0/src/nvim/edit.c,5.0,41.0,10.0,879.0,6017.0,2079.0,10.0,9.0,15.0,4.0,54.0,5.0,41.0,10.0,0.0,140.0,8638,878,5917,8364.0,8623.0,2079,9.0,93.0,2979.0,4656,1008,38.0,3610,141.0,81.0,156.0,78.0,9,0.35,1455.0,1277.0,2086.0,576.0,168,10734,2975,40,0
17,neovim-0.2.0/src/nvim/eval.c,neovim-0.2.0/src/nvim/eval.c,33.0,239.0,50.0,2352.0,16796.0,3806.0,6.0,6.0,8.0,2.0,317.0,32.0,234.0,49.0,0.0,617.0,22544,2323,16323,21272.0,22473.0,3770,329.0,230.0,8308.0,12653,3545,89.0,9019,94.0,94.0,185.0,44.0,7,0.23,3676.0,3492.0,4738.0,1698.0,814,37820,17611,79,1
18,neovim-0.2.0/src/nvim/eval/decode.c,neovim-0.2.0/src/nvim/eval/decode.c,0.0,152.0,3.0,23.0,981.0,111.0,29.0,22.0,37.0,16.0,156.0,0.0,151.0,3.0,0.0,6.0,1105,23,950,157.0,876.0,111,3.0,29.0,411.0,561,142,2.0,417,82.0,55.0,94.0,52.0,6,0.12,176.0,133.0,223.0,98.0,43,1790,708,2,1
19,neovim-0.2.0/src/nvim/eval/encode.c,neovim-0.2.0/src/nvim/eval/encode.c,0.0,44.0,1.0,87.0,823.0,85.0,9.0,7.0,11.0,3.0,45.0,0.0,44.0,1.0,0.0,9.0,993,87,634,92.0,713.0,85,1.0,189.0,273.0,292,89,2.0,201,25.0,13.0,32.0,8.0,4,0.13,82.0,64.0,101.0,29.0,50,1813,907,4,1
20,neovim-0.2.0/src/nvim/eval/executor.c,neovim-0.2.0/src/nvim/eval/executor.c,2.0,87.0,4.0,7.0,98.0,13.0,22.0,14.0,29.0,12.0,93.0,2.0,87.0,4.0,0.0,1.0,118,7,89,14.0,61.0,13,1.0,9.0,35.0,63,15,0.0,48,22.0,14.0,29.0,12.0,5,0.15,22.0,14.0,29.0,12.0,5,119,8,1,1
21,neovim-0.2.0/src/nvim/eval/gc.c,neovim-0.2.0/src/nvim/eval/gc.c,0.0,0.0,0.0,3.0,7.0,4.0,0.0,0.0,0.0,0.0,0.0,0.0,0.0,0.0,0.0,0.0,14,3,2,0.0,1.0,4,1.0,5.0,2.0,2,2,0.0,0,0.0,0.0,0.0,0.0,0,2.0,0.0,0.0,0.0,0.0,2,11,0,1,0
22,neovim-0.2.0/src/nvim/eval/typval.c,neovim-0.2.0/src/nvim/eval/typval.c,1.0,17.0,1.0,220.0,1711.0,653.0,4.0,3.0,5.0,2.0,19.0,1.0,17.0,1.0,0.0,88.0,2581,220,1609,279.0,1439.0,653,1.0,102.0,672.0,1130,287,1.0,842,29.0,21.0,32.0,12.0,6,0.41,377.0,291.0,431.0,190.0,47,2558,197,2,0
23,neovim-0.2.0/src/nvim/event/libuv_process.c,neovim-0.2.0/src/nvim/event/libuv_process.c,1.0,16.0,1.0,13.0,74.0,5.0,3.0,3.0,3.0,1.0,17.0,1.0,14.0,0.0,0.0,4.0,92,13,57,11.0,12.0,3,6.0,14.0,32.0,23,11,0.0,12,6.0,6.0,6.0,1.0,1,0.05,10.0,10.0,10.0,4.0,9,102,23,7,1
24,neovim-0.2.0/src/nvim/event/loop.c,neovim-0.2.0/src/nvim/event/loop.c,1.0,10.0,1.0,20.0,96.0,13.0,2.0,2.0,2.0,1.0,11.0,1.0,10.0,1.0,0.0,9.0,127,20,88,36.0,23.0,13,1.0,8.0,51.0,59,38,0.0,21,5.0,5.0,5.0,1.0,1,0.15,14.0,14.0,14.0,9.0,12,201,94,3,1
25,neovim-0.2.0/src/nvim/event/multiqueue.c,neovim-0.2.0/src/nvim/event/multiqueue.c,0.0,9.0,0.0,25.0,167.0,59.0,2.0,2.0,2.0,1.0,9.0,0.0,9.0,0.0,0.0,15.0,247,25,156,107.0,69.0,59,1.0,11.0,82.0,112,52,0.0,60,4.0,4.0,5.0,1.0,2,0.38,25.0,25.0,28.0,15.0,7,302,80,2,0
26,neovim-0.2.0/src/nvim/event/process.c,neovim-0.2.0/src/nvim/event/process.c,2.0,18.0,2.0,52.0,309.0,59.0,7.0,6.0,8.0,3.0,22.0,2.0,18.0,2.0,0.0,16.0,417,52,291,56.0,141.0,59,1.0,18.0,134.0,284,80,6.0,198,28.0,28.0,33.0,14.0,6,0.2,105.0,102.0,124.0,51.0,24,487,122,7,0
27,neovim-0.2.0/src/nvim/event/rstream.c,neovim-0.2.0/src/nvim/event/rstream.c,1.0,11.0,2.0,28.0,148.0,33.0,2.0,2.0,2.0,1.0,14.0,1.0,11.0,2.0,0.0,12.0,209,28,133,191.0,35.0,33,1.0,15.0,56.0,80,40,2.0,38,4.0,4.0,4.0,1.0,2,0.25,23.0,23.0,24.0,12.0,11,211,30,5,0
28,neovim-0.2.0/src/nvim/event/signal.c,neovim-0.2.0/src/nvim/event/signal.c,0.0,6.0,0.0,11.0,49.0,2.0,1.0,1.0,1.0,1.0,6.0,0.0,6.0,0.0,0.0,7.0,62,11,43,15.0,9.0,2,1.0,6.0,16.0,28,16,1.0,11,3.0,3.0,3.0,1.0,2,0.05,10.0,10.0,10.0,7.0,3,52,1,2,0
29,neovim-0.2.0/src/nvim/event/socket.c,neovim-0.2.0/src/nvim/event/socket.c,2.0,16.0,2.0,28.0,128.0,16.0,3.0,3.0,4.0,1.0,20.0,2.0,16.0,2.0,0.0,7.0,170,28,111,30.0,39.0,16,1.0,17.0,48.0,74,36,1.0,37,8.0,8.0,9.0,1.0,3,0.14,24.0,24.0,25.0,7.0,7,147,5,5,1
30,neovim-0.2.0/src/nvim/event/stream.c,neovim-0.2.0/src/nvim/event/stream.c,1.0,16.0,1.0,14.0,89.0,11.0,3.0,3.0,3.0,1.0,18.0,1.0,16.0,1.0,0.0,5.0,113,14,80,16.0,30.0,11,1.0,9.0,44.0,47,17,0.0,30,4.0,4.0,4.0,1.0,2,0.14,13.0,13.0,13.0,5.0,8,109,10,5,1
31,neovim-0.2.0/src/nvim/event/time.c,neovim-0.2.0/src/nvim/event/time.c,0.0,7.0,0.0,12.0,55.0,3.0,2.0,2.0,2.0,1.0,7.0,0.0,7.0,0.0,0.0,7.0,70,12,48,17.0,12.0,3,1.0,7.0,17.0,32,17,1.0,14,4.0,4.0,5.0,1.0,2,0.06,11.0,11.0,12.0,7.0,5,60,2,4,0
32,neovim-0.2.0/src/nvim/event/wstream.c,neovim-0.2.0/src/nvim/event/wstream.c,2.0,11.0,0.0,29.0,103.0,34.0,2.0,2.0,2.0,1.0,13.0,2.0,11.0,0.0,0.0,8.0,166,29,90,24.0,37.0,34,1.0,13.0,43.0,60,23,0.0,37,3.0,3.0,4.0,3.0,2,0.38,15.0,15.0,16.0,10.0,4,146,9,3,0
33,neovim-0.2.0/src/nvim/ex_cmds.c,neovim-0.2.0/src/nvim/ex_cmds.c,7.0,61.0,17.0,574.0,4430.0,1540.0,14.0,13.0,19.0,6.0,81.0,7.0,60.0,17.0,0.0,70.0,6265,571,4308,6147.0,6172.0,1533,43.0,89.0,2398.0,3661,888,26.0,2747,117.0,117.0,157.0,45.0,10,0.36,959.0,941.0,1313.0,430.0,215,9045,3354,49,0
34,neovim-0.2.0/src/nvim/ex_cmds2.c,neovim-0.2.0/src/nvim/ex_cmds2.c,2.0,25.0,3.0,406.0,2892.0,594.0,5.0,5.0,7.0,2.0,30.0,2.0,24.0,3.0,0.0,102.0,3807,380,2557,2996.0,3789.0,550,300.0,127.0,1407.0,2052,607,13.0,1432,38.0,38.0,49.0,29.0,6,0.22,552.0,534.0,700.0,241.0,155,5772,2371,37,0
35,neovim-0.2.0/src/nvim/ex_docmd.c,neovim-0.2.0/src/nvim/ex_docmd.c,3.0,35.0,6.0,903.0,7257.0,1972.0,8.0,7.0,10.0,4.0,44.0,3.0,35.0,6.0,0.0,199.0,9870,899,7057,9491.0,9793.0,1962,80.0,138.0,3380.0,5004,1142,49.0,3813,207.0,174.0,276.0,103.0,6,0.28,1611.0,1448.0,2040.0,796.0,268,11279,2312,52,0
36,neovim-0.2.0/src/nvim/ex_eval.c,neovim-0.2.0/src/nvim/ex_eval.c,3.0,28.0,13.0,177.0,1135.0,765.0,7.0,6.0,10.0,2.0,44.0,3.0,28.0,13.0,0.0,39.0,2057,177,1084,1003.0,1548.0,755,26.0,36.0,526.0,822,158,4.0,660,22.0,18.0,34.0,10.0,6,0.7,265.0,252.0,393.0,91.0,34,2085,205,14,1
37,neovim-0.2.0/src/nvim/ex_getln.c,neovim-0.2.0/src/nvim/ex_getln.c,5.0,40.0,7.0,565.0,3979.0,1167.0,9.0,9.0,13.0,3.0,50.0,5.0,40.0,7.0,0.0,95.0,5508,563,3864,701.0,5449.0,1162,35.0,89.0,2041.0,3075,671,19.0,2385,165.0,98.0,221.0,65.0,8,0.3,894.0,808.0,1246.0,357.0,161,8221,3278,36,0
38,neovim-0.2.0/src/nvim/farsi.c,neovim-0.2.0/src/nvim/farsi.c,5.0,51.0,0.0,217.0,1717.0,137.0,30.0,7.0,33.0,9.0,56.0,5.0,51.0,0.0,0.0,33.0,2069,217,1695,102.0,1413.0,137,1.0,22.0,1012.0,2049,97,0.0,1952,327.0,101.0,379.0,167.0,5,0.08,995.0,230.0,1074.0,309.0,20,3482,1630,12,1
39,neovim-0.2.0/src/nvim/file_search.c,neovim-0.2.0/src/nvim/file_search.c,6.0,41.0,10.0,182.0,980.0,478.0,7.0,7.0,10.0,3.0,56.0,6.0,37.0,9.0,0.0,22.0,1611,180,858,295.0,1519.0,467,78.0,52.0,484.0,668,189,16.0,463,42.0,42.0,54.0,24.0,9,0.54,158.0,155.0,209.0,85.0,58,1747,318,24,0
40,neovim-0.2.0/src/nvim/fileio.c,neovim-0.2.0/src/nvim/fileio.c,6.0,55.0,16.0,654.0,5259.0,2081.0,11.0,11.0,15.0,4.0,73.0,5.0,49.0,15.0,0.0,92.0,7666,630,4592,7423.0,7465.0,1956,538.0,285.0,2565.0,3525,817,22.0,2686,257.0,257.0,364.0,104.0,9,0.43,1011.0,999.0,1394.0,448.0,198,9521,2509,47,1
41,neovim-0.2.0/src/nvim/fold.c,neovim-0.2.0/src/nvim/fold.c,3.0,25.0,6.0,293.0,2032.0,903.0,6.0,6.0,7.0,2.0,33.0,3.0,25.0,6.0,0.0,77.0,3174,293,1990,412.0,3057.0,903,1.0,42.0,1056.0,1570,400,35.0,1135,50.0,50.0,69.0,20.0,8,0.45,447.0,443.0,543.0,205.0,50,3240,359,21,1
42,neovim-0.2.0/src/nvim/garray.c,neovim-0.2.0/src/nvim/garray.c,1.0,10.0,1.0,32.0,122.0,66.0,2.0,2.0,2.0,1.0,12.0,1.0,10.0,1.0,0.0,11.0,220,32,109,35.0,145.0,66,1.0,13.0,56.0,101,38,0.0,63,4.0,4.0,4.0,1.0,3,0.61,27.0,27.0,27.0,11.0,22,245,57,12,0
43,neovim-0.2.0/src/nvim/getchar.c,neovim-0.2.0/src/nvim/getchar.c,3.0,33.0,8.0,357.0,2834.0,1241.0,8.0,8.0,11.0,3.0,42.0,3.0,33.0,8.0,0.0,84.0,4238,356,2778,4188.0,4222.0,1241,7.0,51.0,1496.0,2250,445,35.0,1770,110.0,110.0,209.0,48.0,12,0.45,706.0,664.0,962.0,317.0,97,4707,825,30,0
44,neovim-0.2.0/src/nvim/hardcopy.c,neovim-0.2.0/src/nvim/hardcopy.c,3.0,26.0,4.0,365.0,2216.0,535.0,5.0,5.0,7.0,2.0,33.0,3.0,26.0,4.0,0.0,69.0,3100,365,2111,563.0,2724.0,535,2.0,105.0,1129.0,1557,399,5.0,1153,52.0,52.0,61.0,27.0,7,0.25,379.0,366.0,452.0,188.0,59,3205,470,22,1
45,neovim-0.2.0/src/nvim/hashtab.c,neovim-0.2.0/src/nvim/hashtab.c,2.0,14.0,3.0,50.0,245.0,162.0,3.0,3.0,4.0,1.0,18.0,2.0,13.0,3.0,0.0,16.0,453,49,207,360.0,356.0,161,18.0,23.0,99.0,148,52,2.0,94,16.0,16.0,20.0,10.0,4,0.78,48.0,48.0,60.0,31.0,22,617,214,8,1
46,neovim-0.2.0/src/nvim/if_cscope.c,neovim-0.2.0/src/nvim/if_cscope.c,5.0,32.0,5.0,274.0,1419.0,491.0,7.0,6.0,7.0,3.0,41.0,4.0,29.0,4.0,0.0,42.0,2122,260,1263,657.0,1880.0,446,159.0,63.0,754.0,1029,283,6.0,740,31.0,23.0,34.0,13.0,5,0.35,276.0,241.0,313.0,152.0,69,2353,505,26,1
47,neovim-0.2.0/src/nvim/indent.c,neovim-0.2.0/src/nvim/indent.c,8.0,42.0,8.0,116.0,522.0,140.0,9.0,9.0,13.0,3.0,56.0,8.0,42.0,8.0,0.0,12.0,769,116,500,91.0,764.0,140,1.0,22.0,264.0,406,100,1.0,305,34.0,34.0,66.0,13.0,8,0.28,109.0,109.0,161.0,46.0,23,710,57,12,1
48,neovim-0.2.0/src/nvim/indent_c.c,neovim-0.2.0/src/nvim/indent_c.c,6.0,44.0,18.0,358.0,2204.0,1135.0,11.0,11.0,16.0,6.0,66.0,6.0,43.0,18.0,0.0,50.0,3594,358,2167,251.0,3507.0,1135,1.0,37.0,1154.0,1757,272,30.0,1455,251.0,248.0,342.0,138.0,11,0.52,574.0,537.0,779.0,337.0,42,3934,698,16,1
49,neovim-0.2.0/src/nvim/keymap.c,neovim-0.2.0/src/nvim/keymap.c,4.0,37.0,6.0,82.0,692.0,212.0,10.0,9.0,16.0,4.0,46.0,4.0,37.0,6.0,0.0,11.0,917,82,675,352.0,885.0,212,1.0,17.0,235.0,358,88,1.0,269,25.0,25.0,43.0,12.0,5,0.31,110.0,95.0,171.0,48.0,32,1088,253,16,1
50,neovim-0.2.0/src/nvim/log.c,neovim-0.2.0/src/nvim/log.c,1.0,15.0,1.0,27.0,138.0,23.0,3.0,3.0,3.0,2.0,17.0,1.0,15.0,1.0,0.0,8.0,188,27,123,158.0,51.0,23,1.0,15.0,50.0,76,37,0.0,39,7.0,7.0,8.0,6.0,2,0.19,22.0,22.0,23.0,16.0,14,223,62,8,0
51,neovim-0.2.0/src/nvim/main.c,neovim-0.2.0/src/nvim/main.c,6.0,40.0,12.0,229.0,1334.0,500.0,11.0,9.0,12.0,3.0,54.0,6.0,38.0,12.0,0.0,30.0,1929,226,1173,1692.0,1688.0,476,74.0,117.0,729.0,1161,285,1.0,875,98.0,55.0,106.0,52.0,6,0.41,315.0,269.0,352.0,114.0,172,3084,1384,35,0
52,neovim-0.2.0/src/nvim/map.c,neovim-0.2.0/src/nvim/map.c,0.0,4.0,0.0,12.0,123.0,2.0,4.0,4.0,4.0,1.0,4.0,0.0,3.0,0.0,0.0,114.0,137,12,89,6.0,7.0,2,5.0,34.0,36.0,1325,414,0.0,911,18.0,18.0,19.0,6.0,6,0.02,403.0,403.0,460.0,205.0,24,365,225,6,0
53,neovim-0.2.0/src/nvim/mark.c,neovim-0.2.0/src/nvim/mark.c,2.0,23.0,3.0,135.0,1040.0,323.0,9.0,8.0,12.0,3.0,27.0,2.0,23.0,3.0,0.0,41.0,1459,134,991,164.0,866.0,323,13.0,38.0,490.0,1060,178,33.0,849,82.0,82.0,119.0,18.0,8,0.33,356.0,345.0,492.0,123.0,65,2046,722,18,1
54,neovim-0.2.0/src/nvim/mbyte.c,neovim-0.2.0/src/nvim/mbyte.c,2.0,19.0,4.0,253.0,1705.0,653.0,5.0,5.0,6.0,3.0,23.0,2.0,18.0,3.0,0.0,64.0,2479,219,1313,944.0,2390.0,576,372.0,138.0,730.0,959,235,15.0,709,47.0,22.0,48.0,13.0,6,0.44,321.0,296.0,414.0,219.0,77,4469,2243,24,0
55,neovim-0.2.0/src/nvim/memfile.c,neovim-0.2.0/src/nvim/memfile.c,2.0,17.0,4.0,124.0,656.0,341.0,4.0,4.0,5.0,1.0,21.0,2.0,17.0,4.0,0.0,38.0,1060,124,630,620.0,1053.0,341,2.0,25.0,333.0,512,136,4.0,372,14.0,14.0,20.0,10.0,5,0.54,144.0,144.0,175.0,72.0,42,1787,851,17,0
56,neovim-0.2.0/src/nvim/memline.c,neovim-0.2.0/src/nvim/memline.c,5.0,44.0,13.0,373.0,2688.0,1267.0,8.0,8.0,10.0,3.0,58.0,5.0,43.0,13.0,0.0,58.0,4069,364,2532,3356.0,3938.0,1236,100.0,96.0,1533.0,2099,509,27.0,1563,62.0,62.0,77.0,28.0,8,0.49,469.0,464.0,589.0,220.0,94,4499,803,34,0
57,neovim-0.2.0/src/nvim/memory.c,neovim-0.2.0/src/nvim/memory.c,0.0,9.0,0.0,75.0,405.0,223.0,2.0,2.0,2.0,1.0,10.0,0.0,9.0,0.0,0.0,28.0,698,47,252,61.0,506.0,191,188.0,66.0,178.0,159,72,0.0,87,5.0,5.0,7.0,3.0,2,0.76,57.0,57.0,67.0,30.0,64,916,293,24,1
58,neovim-0.2.0/src/nvim/menu.c,neovim-0.2.0/src/nvim/menu.c,4.0,36.0,6.0,168.0,1051.0,295.0,9.0,9.0,12.0,4.0,45.0,4.0,36.0,6.0,0.0,28.0,1474,168,1026,168.0,1468.0,295,1.0,25.0,582.0,893,191,9.0,693,40.0,40.0,50.0,12.0,5,0.29,250.0,238.0,335.0,115.0,46,1650,344,18,0
59,neovim-0.2.0/src/nvim/message.c,neovim-0.2.0/src/nvim/message.c,2.0,20.0,4.0,319.0,2078.0,744.0,5.0,5.0,7.0,1.0,25.0,2.0,20.0,4.0,0.0,96.0,3025,312,1987,2897.0,2981.0,724,76.0,54.0,1010.0,1497,382,20.0,1095,43.0,34.0,66.0,19.0,6,0.36,462.0,434.0,630.0,174.0,111,4692,1986,31,1
60,neovim-0.2.0/src/nvim/misc1.c,neovim-0.2.0/src/nvim/misc1.c,4.0,33.0,11.0,285.0,1808.0,838.0,8.0,8.0,11.0,2.0,46.0,4.0,33.0,11.0,0.0,53.0,2816,283,1743,2176.0,2725.0,838,9.0,59.0,903.0,1515,411,16.0,1088,134.0,134.0,205.0,22.0,9,0.48,432.0,432.0,607.0,145.0,103,3781,1249,35,0
61,neovim-0.2.0/src/nvim/mouse.c,neovim-0.2.0/src/nvim/mouse.c,7.0,47.0,8.0,80.0,495.0,133.0,12.0,12.0,16.0,5.0,59.0,7.0,47.0,8.0,0.0,10.0,680,80,473,140.0,344.0,133,1.0,22.0,237.0,396,93,8.0,295,56.0,56.0,85.0,20.0,5,0.28,118.0,117.0,163.0,55.0,14,618,18,7,0
62,neovim-0.2.0/src/nvim/move.c,neovim-0.2.0/src/nvim/move.c,2.0,31.0,6.0,155.0,1584.0,495.0,7.0,7.0,9.0,2.0,38.0,2.0,30.0,6.0,0.0,51.0,2191,155,1534,300.0,1104.0,492,21.0,32.0,749.0,1085,234,4.0,847,37.0,37.0,52.0,19.0,6,0.32,335.0,335.0,454.0,127.0,36,2378,344,21,1
63,neovim-0.2.0/src/nvim/msgpack_rpc/channel.c,neovim-0.2.0/src/nvim/msgpack_rpc/channel.c,2.0,16.0,1.0,111.0,698.0,75.0,3.0,3.0,3.0,1.0,19.0,2.0,16.0,1.0,0.0,34.0,880,106,595,551.0,793.0,73,74.0,42.0,327.0,463,229,20.0,214,17.0,17.0,19.0,6.0,4,0.12,104.0,100.0,113.0,57.0,86,1460,691,12,0
64,neovim-0.2.0/src/nvim/msgpack_rpc/helpers.c,neovim-0.2.0/src/nvim/msgpack_rpc/helpers.c,10.0,125.0,5.0,51.0,539.0,24.0,3.0,2.0,3.0,1.0,141.0,10.0,122.0,5.0,0.0,27.0,614,51,509,387.0,466.0,24,5.0,26.0,203.0,191,87,0.0,104,19.0,10.0,19.0,10.0,4,0.05,71.0,62.0,73.0,42.0,31,882,315,11,1
65,neovim-0.2.0/src/nvim/msgpack_rpc/server.c,neovim-0.2.0/src/nvim/msgpack_rpc/server.c,2.0,13.0,1.0,34.0,156.0,40.0,3.0,3.0,3.0,1.0,16.0,2.0,12.0,1.0,0.0,10.0,229,34,124,78.0,205.0,40,6.0,27.0,64.0,114,47,1.0,66,7.0,7.0,8.0,5.0,3,0.32,32.0,32.0,33.0,16.0,20,445,250,8,1
66,neovim-0.2.0/src/nvim/normal.c,neovim-0.2.0/src/nvim/normal.c,3.0,35.0,8.0,709.0,5624.0,1862.0,9.0,8.0,13.0,2.0,45.0,3.0,35.0,8.0,0.0,154.0,7937,709,5555,7745.0,6892.0,1862,1.0,69.0,2543.0,4145,827,47.0,3271,131.0,128.0,193.0,50.0,6,0.34,1383.0,1189.0,1992.0,438.0,184,10093,2864,39,0
67,neovim-0.2.0/src/nvim/ops.c,neovim-0.2.0/src/nvim/ops.c,5.0,48.0,10.0,579.0,4215.0,1299.0,11.0,10.0,15.0,3.0,61.0,5.0,48.0,10.0,0.0,86.0,5849,577,4160,4606.0,5218.0,1299,10.0,48.0,2182.0,3283,749,22.0,2512,116.0,116.0,149.0,31.0,6,0.31,934.0,897.0,1315.0,337.0,178,8332,3059,40,0
68,neovim-0.2.0/src/nvim/option.c,neovim-0.2.0/src/nvim/option.c,3.0,42.0,8.0,510.0,5237.0,1504.0,10.0,10.0,13.0,4.0,51.0,3.0,42.0,7.0,0.0,118.0,7003,507,5038,4650.0,6859.0,1492,76.0,141.0,2541.0,3769,764,22.0,2983,248.0,248.0,313.0,117.0,11,0.3,1174.0,1167.0,1559.0,505.0,297,10512,4019,57,0
69,neovim-0.2.0/src/nvim/os/dl.c,neovim-0.2.0/src/nvim/os/dl.c,8.0,35.0,8.0,13.0,46.0,31.0,8.0,8.0,11.0,4.0,51.0,8.0,35.0,8.0,0.0,1.0,90,13,40,22.0,12.0,31,0.0,6.0,22.0,27,17,0.0,10,8.0,8.0,11.0,4.0,1,0.78,8.0,8.0,11.0,4.0,5,79,2,5,0
70,neovim-0.2.0/src/nvim/os/env.c,neovim-0.2.0/src/nvim/os/env.c,2.0,27.0,4.0,79.0,670.0,219.0,4.0,4.0,6.0,1.0,32.0,2.0,19.0,3.0,0.0,24.0,950,72,464,642.0,874.0,199,160.0,76.0,284.0,355,119,4.0,232,22.0,22.0,38.0,7.0,4,0.43,103.0,103.0,154.0,45.0,53,1212,341,18,0
71,neovim-0.2.0/src/nvim/os/fileio.c,neovim-0.2.0/src/nvim/os/fileio.c,0.0,22.0,1.0,23.0,238.0,86.0,6.0,6.0,6.0,2.0,23.0,0.0,19.0,0.0,0.0,10.0,347,23,192,49.0,105.0,84,25.0,25.0,100.0,158,52,0.0,106,21.0,21.0,21.0,9.0,4,0.44,56.0,56.0,57.0,24.0,10,365,41,2,0
72,neovim-0.2.0/src/nvim/os/fs.c,neovim-0.2.0/src/nvim/os/fs.c,1.0,15.0,1.0,99.0,835.0,270.0,3.0,3.0,3.0,1.0,16.0,1.0,11.0,1.0,0.0,45.0,1191,82,496,433.0,438.0,233,330.0,70.0,399.0,375,175,3.0,197,8.0,8.0,9.0,7.0,3,0.47,115.0,115.0,121.0,73.0,91,1631,539,25,1
73,neovim-0.2.0/src/nvim/os/input.c,neovim-0.2.0/src/nvim/os/input.c,1.0,12.0,1.0,64.0,343.0,49.0,3.0,3.0,4.0,1.0,15.0,1.0,12.0,1.0,0.0,25.0,450,64,317,91.0,171.0,49,1.0,26.0,137.0,262,107,1.0,154,15.0,15.0,26.0,7.0,4,0.15,78.0,78.0,109.0,40.0,75,800,414,13,0
74,neovim-0.2.0/src/nvim/os/mem.c,neovim-0.2.0/src/nvim/os/mem.c,0.0,4.0,1.0,4.0,6.0,5.0,1.0,1.0,1.0,1.0,5.0,0.0,4.0,1.0,0.0,1.0,15,4,4,2.0,1.0,5,0.0,2.0,1.0,3,2,0.0,1,1.0,1.0,1.0,1.0,0,1.25,1.0,1.0,1.0,1.0,5,14,3,4,0
75,neovim-0.2.0/src/nvim/os/pty_process_unix.c,neovim-0.2.0/src/nvim/os/pty_process_unix.c,2.0,23.0,1.0,36.0,231.0,10.0,3.0,3.0,3.0,2.0,25.0,2.0,20.0,1.0,0.0,9.0,275,36,178,50.0,64.0,10,12.0,44.0,114.0,123,59,0.0,64,9.0,9.0,9.0,8.0,3,0.06,30.0,30.0,31.0,22.0,6,257,18,5,1
76,neovim-0.2.0/src/nvim/os/shell.c,neovim-0.2.0/src/nvim/os/shell.c,4.0,27.0,4.0,91.0,488.0,166.0,6.0,6.0,7.0,2.0,33.0,4.0,27.0,4.0,0.0,17.0,727,91,457,409.0,721.0,166,1.0,31.0,238.0,381,139,3.0,239,14.0,14.0,16.0,6.0,3,0.36,96.0,96.0,118.0,35.0,65,1332,696,16,0
77,neovim-0.2.0/src/nvim/os/signal.c,neovim-0.2.0/src/nvim/os/signal.c,0.0,14.0,1.0,17.0,137.0,15.0,1.0,1.0,1.0,1.0,15.0,0.0,9.0,1.0,0.0,8.0,168,17,72,21.0,32.0,12,23.0,46.0,46.0,57,24,1.0,32,2.0,2.0,2.0,1.0,2,0.17,10.0,10.0,10.0,8.0,25,319,168,9,1
78,neovim-0.2.0/src/nvim/os/stdpaths.c,neovim-0.2.0/src/nvim/os/stdpaths.c,1.0,16.0,0.0,13.0,104.0,31.0,3.0,3.0,3.0,1.0,17.0,1.0,13.0,0.0,0.0,4.0,148,13,68,43.0,53.0,31,20.0,16.0,28.0,44,22,0.0,22,6.0,6.0,7.0,1.0,3,0.46,12.0,12.0,13.0,4.0,21,237,102,4,0
79,neovim-0.2.0/src/nvim/os/time.c,neovim-0.2.0/src/nvim/os/time.c,1.0,10.0,1.0,18.0,84.0,37.0,3.0,3.0,4.0,2.0,11.0,1.0,9.0,1.0,0.0,7.0,135,18,66,24.0,80.0,35,3.0,17.0,29.0,63,33,0.0,30,11.0,11.0,12.0,7.0,5,0.53,24.0,24.0,26.0,16.0,21,196,79,10,0
80,neovim-0.2.0/src/nvim/os/users.c,neovim-0.2.0/src/nvim/os/users.c,1.0,13.0,2.0,12.0,62.0,19.0,1.0,1.0,1.0,1.0,15.0,1.0,5.0,1.0,0.0,4.0,90,10,21,7.0,3.0,15,28.0,18.0,19.0,13,7,0.0,6,2.0,2.0,2.0,1.0,1,0.71,5.0,5.0,5.0,4.0,13,99,21,9,1
81,neovim-0.2.0/src/nvim/os_unix.c,neovim-0.2.0/src/nvim/os_unix.c,6.0,48.0,15.0,69.0,475.0,152.0,11.0,11.0,15.0,3.0,64.0,6.0,46.0,15.0,0.0,8.0,656,65,367,225.0,613.0,148,53.0,67.0,226.0,324,75,0.0,249,72.0,72.0,109.0,20.0,5,0.4,86.0,86.0,123.0,31.0,89,1977,1390,24,0
82,neovim-0.2.0/src/nvim/path.c,neovim-0.2.0/src/nvim/path.c,3.0,24.0,4.0,223.0,1474.0,595.0,5.0,5.0,7.0,2.0,30.0,3.0,22.0,4.0,0.0,59.0,2239,220,1299,1813.0,2220.0,574,96.0,102.0,695.0,1037,313,8.0,716,28.0,28.0,51.0,11.0,7,0.44,299.0,299.0,424.0,163.0,116,2926,910,35,1
83,neovim-0.2.0/src/nvim/popupmnu.c,neovim-0.2.0/src/nvim/popupmnu.c,10.0,64.0,9.0,94.0,551.0,117.0,16.0,16.0,21.0,3.0,83.0,10.0,64.0,9.0,0.0,8.0,751,94,527,81.0,360.0,117,1.0,24.0,276.0,415,101,3.0,311,60.0,60.0,77.0,8.0,8,0.22,127.0,125.0,168.0,26.0,25,782,125,15,0
84,neovim-0.2.0/src/nvim/profile.c,neovim-0.2.0/src/nvim/profile.c,1.0,6.0,1.0,44.0,139.0,103.0,1.0,1.0,1.0,1.0,7.0,1.0,6.0,1.0,0.0,21.0,285,44,128,37.0,103.0,103,1.0,11.0,50.0,77,37,0.0,40,3.0,3.0,3.0,1.0,1,0.8,28.0,28.0,28.0,21.0,6,317,76,3,0
85,neovim-0.2.0/src/nvim/quickfix.c,neovim-0.2.0/src/nvim/quickfix.c,5.0,42.0,7.0,468.0,3402.0,868.0,9.0,9.0,12.0,4.0,52.0,5.0,42.0,7.0,0.0,77.0,4581,468,3339,3294.0,4507.0,865,15.0,52.0,1689.0,2437,656,12.0,1769,95.0,95.0,131.0,49.0,8,0.26,715.0,712.0,928.0,342.0,120,5992,1879,35,1
86,neovim-0.2.0/src/nvim/rbuffer.c,neovim-0.2.0/src/nvim/rbuffer.c,1.0,11.0,0.0,37.0,162.0,28.0,3.0,3.0,3.0,1.0,12.0,1.0,11.0,0.0,0.0,14.0,227,37,153,160.0,79.0,28,1.0,9.0,67.0,118,35,0.0,83,5.0,5.0,5.0,4.0,3,0.18,37.0,37.0,43.0,20.0,8,198,8,5,0
87,neovim-0.2.0/src/nvim/regexp.c,neovim-0.2.0/src/nvim/regexp.c,4.0,46.0,6.0,592.0,5421.0,1618.0,16.0,9.0,20.0,5.0,55.0,4.0,45.0,6.0,0.0,98.0,7262,583,4709,6652.0,7138.0,1597,514.0,235.0,2654.0,4292,613,47.0,3632,347.0,189.0,418.0,108.0,9,0.34,1560.0,857.0,1926.0,547.0,67,7468,798,22,0
88,neovim-0.2.0/src/nvim/regexp_nfa.c,neovim-0.2.0/src/nvim/regexp_nfa.c,9.0,85.0,12.0,639.0,5127.0,1118.0,42.0,36.0,42.0,4.0,103.0,9.0,78.0,12.0,0.0,53.0,6641,589,4392,5029.0,1137.0,1105,611.0,199.0,2478.0,5321,587,173.0,4561,1493.0,1387.0,1493.0,69.0,7,0.25,2228.0,1884.0,2249.0,247.0,58,6814,812,24,0
89,neovim-0.2.0/src/nvim/screen.c,neovim-0.2.0/src/nvim/screen.c,6.0,58.0,14.0,642.0,5344.0,1770.0,13.0,13.0,20.0,3.0,75.0,6.0,58.0,14.0,0.0,91.0,7478,642,5264,5863.0,7367.0,1770,1.0,80.0,2668.0,4069,777,27.0,3265,349.0,349.0,611.0,48.0,9,0.34,1212.0,1208.0,1824.0,295.0,181,9120,2284,49,0
90,neovim-0.2.0/src/nvim/search.c,neovim-0.2.0/src/nvim/search.c,4.0,50.0,13.0,362.0,3386.0,1233.0,13.0,13.0,19.0,7.0,64.0,4.0,50.0,13.0,0.0,66.0,4731,359,3331,3975.0,4600.0,1233,15.0,44.0,1654.0,2592,469,59.0,2064,119.0,119.0,178.0,71.0,9,0.37,859.0,857.0,1250.0,476.0,90,5167,798,29,0
91,neovim-0.2.0/src/nvim/sha256.c,neovim-0.2.0/src/nvim/sha256.c,6.0,39.0,1.0,46.0,273.0,34.0,3.0,3.0,4.0,1.0,45.0,6.0,38.0,1.0,0.0,6.0,346,46,253,51.0,344.0,34,1.0,20.0,192.0,534,46,90.0,398,7.0,7.0,7.0,1.0,3,0.13,20.0,20.0,21.0,6.0,13,437,134,10,0
92,neovim-0.2.0/src/nvim/shada.c,neovim-0.2.0/src/nvim/shada.c,56.0,1307.0,202.0,152.0,3247.0,560.0,11.0,10.0,12.0,5.0,1539.0,56.0,1245.0,201.0,0.0,78.0,3868,152,3027,2494.0,3864.0,557,36.0,192.0,1186.0,2603,834,10.0,1759,140.0,127.0,145.0,65.0,8,0.18,821.0,749.0,897.0,430.0,143,9525,5809,9,0
93,neovim-0.2.0/src/nvim/spell.c,neovim-0.2.0/src/nvim/spell.c,6.0,51.0,12.0,777.0,5360.0,1687.0,12.0,11.0,15.0,5.0,67.0,6.0,50.0,12.0,0.0,100.0,7573,772,5108,4344.0,7487.0,1681,101.0,164.0,2984.0,4298,956,66.0,3276,155.0,139.0,227.0,57.0,10,0.33,1169.0,1149.0,1527.0,568.0,103,14131,7335,35,0
94,neovim-0.2.0/src/nvim/spellfile.c,neovim-0.2.0/src/nvim/spellfile.c,6.0,51.0,11.0,614.0,4034.0,1457.0,9.0,8.0,11.0,4.0,65.0,6.0,50.0,11.0,0.0,74.0,5742,600,3871,3589.0,5733.0,1443,93.0,100.0,2279.0,2624,813,58.0,1753,51.0,51.0,62.0,41.0,10,0.37,648.0,626.0,817.0,320.0,16,5222,93,2,0
95,neovim-0.2.0/src/nvim/state.c,neovim-0.2.0/src/nvim/state.c,2.0,26.0,3.0,16.0,115.0,18.0,8.0,8.0,11.0,3.0,30.0,2.0,26.0,3.0,0.0,4.0,149,16,102,16.0,71.0,18,1.0,13.0,42.0,84,19,3.0,62,15.0,15.0,18.0,6.0,3,0.18,33.0,33.0,43.0,13.0,6,138,5,3,0
96,neovim-0.2.0/src/nvim/strings.c,neovim-0.2.0/src/nvim/strings.c,3.0,34.0,5.0,127.0,1030.0,350.0,9.0,7.0,11.0,2.0,41.0,3.0,32.0,5.0,0.0,29.0,1471,127,944,868.0,1454.0,349,20.0,67.0,471.0,739,185,5.0,549,158.0,119.0,201.0,12.0,8,0.37,253.0,214.0,332.0,73.0,62,1779,435,21,1
97,neovim-0.2.0/src/nvim/syntax.c,neovim-0.2.0/src/nvim/syntax.c,3.0,34.0,7.0,713.0,6034.0,1827.0,8.0,7.0,10.0,3.0,44.0,3.0,34.0,7.0,0.0,146.0,8286,712,5930,6876.0,8261.0,1827,11.0,95.0,2897.0,4197,954,58.0,3185,97.0,97.0,132.0,39.0,9,0.31,1107.0,1094.0,1452.0,522.0,133,9786,2212,35,0
98,neovim-0.2.0/src/nvim/tag.c,neovim-0.2.0/src/nvim/tag.c,11.0,92.0,27.0,267.0,2022.0,751.0,20.0,19.0,29.0,7.0,123.0,11.0,91.0,27.0,0.0,21.0,2888,265,1930,2815.0,2874.0,748,27.0,72.0,1100.0,1611,382,20.0,1209,146.0,142.0,214.0,48.0,9,0.39,413.0,403.0,609.0,154.0,82,3219,598,26,0
99,neovim-0.2.0/src/nvim/terminal.c,neovim-0.2.0/src/nvim/terminal.c,2.0,21.0,2.0,161.0,932.0,181.0,5.0,4.0,6.0,2.0,25.0,2.0,21.0,2.0,0.0,40.0,1248,161,890,1199.0,1177.0,181,1.0,42.0,518.0,760,280,36.0,444,37.0,10.0,37.0,31.0,3,0.2,214.0,157.0,238.0,99.0,75,1566,479,22,0
100,neovim-0.2.0/src/nvim/testdir/samples/memfile_test.c,neovim-0.2.0/src/nvim/testdir/samples/memfile_test.c,9.0,42.0,5.0,26.0,91.0,29.0,1.0,1.0,1.0,1.0,56.0,9.0,42.0,5.0,0.0,2.0,146,26,84,7.0,2.0,29,0.0,7.0,54.0,9,7,0.0,2,1.0,1.0,1.0,1.0,0,0.35,2.0,2.0,2.0,2.0,2,120,0,2,1
101,neovim-0.2.0/src/nvim/tui/input.c,neovim-0.2.0/src/nvim/tui/input.c,1.0,15.0,2.0,48.0,318.0,41.0,3.0,3.0,3.0,1.0,18.0,1.0,15.0,2.0,0.0,20.0,405,48,295,317.0,96.0,41,5.0,19.0,140.0,201,100,1.0,100,13.0,13.0,13.0,4.0,3,0.14,56.0,56.0,58.0,25.0,23,460,103,8,0
102,neovim-0.2.0/src/nvim/tui/tui.c,neovim-0.2.0/src/nvim/tui/tui.c,1.0,15.0,2.0,130.0,913.0,97.0,3.0,3.0,4.0,1.0,18.0,1.0,15.0,2.0,0.0,52.0,1127,127,835,795.0,989.0,89,47.0,46.0,494.0,597,285,2.0,310,13.0,13.0,15.0,5.0,5,0.11,155.0,151.0,183.0,61.0,96,1654,657,25,0
103,neovim-0.2.0/src/nvim/ugrid.c,neovim-0.2.0/src/nvim/ugrid.c,1.0,9.0,0.0,21.0,114.0,5.0,2.0,2.0,2.0,1.0,10.0,1.0,9.0,0.0,0.0,11.0,140,21,104,22.0,57.0,5,1.0,10.0,59.0,96,28,1.0,67,4.0,4.0,4.0,1.0,3,0.05,21.0,21.0,21.0,11.0,2,119,0,2,0
104,neovim-0.2.0/src/nvim/ui.c,neovim-0.2.0/src/nvim/ui.c,1.0,9.0,0.0,84.0,474.0,22.0,4.0,4.0,4.0,1.0,9.0,1.0,9.0,0.0,0.0,46.0,580,84,411,426.0,496.0,22,11.0,55.0,200.0,575,189,0.0,386,16.0,16.0,16.0,3.0,5,0.05,195.0,195.0,197.0,54.0,97,2004,1508,21,0
105,neovim-0.2.0/src/nvim/ui_bridge.c,neovim-0.2.0/src/nvim/ui_bridge.c,0.0,6.0,0.0,40.0,372.0,6.0,1.0,1.0,1.0,1.0,6.0,0.0,6.0,0.0,0.0,53.0,418,40,333,243.0,71.0,6,18.0,23.0,167.0,171,107,3.0,61,4.0,4.0,4.0,3.0,2,0.02,60.0,60.0,60.0,55.0,24,764,386,7,0
106,neovim-0.2.0/src/nvim/undo.c,neovim-0.2.0/src/nvim/undo.c,3.0,31.0,5.0,301.0,2062.0,662.0,7.0,7.0,8.0,2.0,39.0,3.0,29.0,5.0,0.0,63.0,2975,291,1848,964.0,2738.0,644,146.0,100.0,1045.0,1510,361,19.0,1130,59.0,59.0,80.0,29.0,6,0.35,430.0,430.0,532.0,187.0,86,3507,833,30,1
107,neovim-0.2.0/src/nvim/version.c,neovim-0.2.0/src/nvim/version.c,3.0,25.0,2.0,63.0,1596.0,1171.0,5.0,5.0,6.0,2.0,30.0,3.0,24.0,2.0,0.0,11.0,2824,63,1547,2463.0,2518.0,1171,9.0,44.0,139.0,193,68,0.0,125,14.0,14.0,15.0,7.0,5,0.76,51.0,51.0,62.0,24.0,1302,4957,2196,89,1
108,neovim-0.2.0/src/nvim/window.c,neovim-0.2.0/src/nvim/window.c,3.0,31.0,6.0,589.0,4193.0,1307.0,8.0,7.0,9.0,3.0,39.0,3.0,31.0,6.0,0.0,134.0,5932,584,4123,626.0,5300.0,1305,21.0,57.0,2116.0,3339,623,40.0,2676,139.0,84.0,150.0,69.0,6,0.32,1059.0,983.0,1246.0,499.0,156,6270,926,45,0
109,neovim-0.2.0/test/functional/fixtures/printargs-test.c,neovim-0.2.0/test/functional/fixtures/printargs-test.c,0.0,7.0,0.0,2.0,8.0,2.0,2.0,2.0,2.0,1.0,7.0,0.0,7.0,0.0,0.0,1.0,12,2,7,3.0,3.0,2,0.0,1.0,4.0,8,3,0.0,5,2.0,2.0,2.0,1.0,1,0.29,2.0,2.0,2.0,1.0,2,10,0,2,0
110,neovim-0.2.0/test/functional/fixtures/shell-test.c,neovim-0.2.0/test/functional/fixtures/shell-test.c,1.0,34.0,0.0,4.0,70.0,2.0,7.0,7.0,8.0,4.0,34.0,1.0,34.0,0.0,0.0,2.0,76,4,67,8.0,44.0,2,0.0,3.0,41.0,50,8,0.0,42,12.0,12.0,14.0,8.0,4,0.03,13.0,13.0,15.0,9.0,4,86,14,3,0
111,neovim-0.2.0/test/functional/fixtures/tty-test.c,neovim-0.2.0/test/functional/fixtures/tty-test.c,2.0,16.0,1.0,22.0,134.0,16.0,3.0,3.0,3.0,2.0,19.0,2.0,16.0,1.0,0.0,7.0,171,22,112,42.0,25.0,16,8.0,15.0,69.0,78,48,0.0,30,7.0,7.0,7.0,6.0,2,0.14,18.0,18.0,18.0,14.0,4,154,5,4,1
112,neovim-0.2.0/test/unit/fixtures/multiqueue.c,neovim-0.2.0/test/unit/fixtures/multiqueue.c,0.0,5.0,0.0,4.0,13.0,2.0,1.0,1.0,1.0,1.0,5.0,0.0,5.0,0.0,0.0,2.0,19,4,9,4.0,1.0,2,0.0,4.0,3.0,7,5,1.0,1,1.0,1.0,1.0,1.0,0,0.22,2.0,2.0,2.0,2.0,2,15,0,2,0
113,neovim-0.2.0/test/unit/fixtures/rbuffer.c,neovim-0.2.0/test/unit/fixtures/rbuffer.c,0.0,6.0,0.0,5.0,24.0,2.0,2.0,2.0,2.0,1.0,6.0,0.0,6.0,0.0,0.0,4.0,31,5,22,7.0,5.0,2,0.0,2.0,6.0,36,20,0.0,16,3.0,3.0,3.0,1.0,2,0.09,8.0,8.0,8.0,4.0,2,26,0,2,0
